Keap1_Chain,AA,ResID,CA_RMSD(Å)
B,Y,1,14.408609303947324
B,T,2,10.081603392933904
B,L,3,10.181337519755367
B,E,4,13.370808505838268
B,D,5,15.101689641410248
B,H,6,10.50992318297001
B,T,7,8.21350629225924
B,K,8,9.340142193925775
B,Q,9,7.2221384252725125
B,A,10,8.15215988994544
B,F,11,13.991832153926612
B,G,12,14.333013802196426
B,I,13,12.630878320158832
B,M,14,15.776685637148061
B,N,15,15.32179710188253
B,E,16,11.201584328467206
B,L,17,7.794489598516568
B,R,18,10.987034885944444
B,L,19,11.383700692545036
B,S,20,4.87114333729449
B,Q,21,5.6828597089852355
B,Q,22,2.3626466219793705
B,L,23,3.040158340044888
B,C,24,2.137104331991177
B,D,25,6.7278458358660425
B,V,26,6.340896937189728
B,T,27,9.71564758866942
B,L,28,8.5614346550862
B,Q,29,10.40285531201637
B,V,30,11.165302951812253
B,K,31,16.939456638708954
B,Y,32,18.289853211304475
B,Q,33,18.830043282479085
B,D,34,19.228459769197023
B,A,35,17.724643532251736
B,P,36,22.963205020132744
B,A,37,21.71508338070232
B,A,38,17.926259056366575
B,Q,39,16.14156120159094
B,F,40,13.403513156134164
B,M,41,9.640501609808377
B,A,42,6.230978534140254
B,H,43,4.760338955794026
B,K,44,5.203193934372628
B,V,45,8.542922413578255
B,V,46,7.84444081712692
B,L,47,8.086273545625874
B,A,48,9.217069238358377
B,S,49,10.175489789576599
B,S,50,11.830671412556072
B,S,51,9.381336871099906
B,P,52,6.9054939072364725
B,V,53,5.210336010116545
B,F,54,4.93911877643858
B,K,55,10.483977748513972
B,A,56,15.208874944991251
B,M,57,15.606990559203545
B,F,58,12.66024436199788
B,T,59,10.87206542366948
B,N,60,12.994327005713687
B,G,61,13.781843790828448
B,L,62,12.143971231853298
B,R,63,12.36535511846641
B,E,64,12.26872176367944
B,Q,65,16.102434634121362
B,G,66,20.17186369136698
B,M,67,18.354345679327434
B,E,68,17.444462856709652
B,V,69,15.544067291433286
B,V,70,10.153183000125138
B,S,71,3.730551853130172
B,I,72,2.5584039283917908
B,E,73,6.507121622717786
B,G,74,8.480528603703169
B,I,75,7.217201457934142
B,H,76,9.656610066400466
B,P,77,9.523751609609052
B,K,78,10.2394323555088
B,V,79,8.100000907911383
B,M,80,6.4011561867347515
B,E,81,8.717279440650712
B,R,82,7.741529289217358
B,L,83,7.5833120619414665
B,I,84,8.826992144714737
B,E,85,12.017247458240597
B,F,86,16.779775673875857
B,A,87,23.25538262892909
B,Y,88,22.82829151931373
B,T,89,22.90591430982442
B,A,90,23.49817308157634
B,S,91,22.039159227404696
B,I,92,18.823005350271263
B,S,93,20.828009983773157
B,M,94,15.556820222672313
B,G,95,14.6093349860384
B,E,96,16.38662339244081
B,K,97,16.71148264073821
B,C,98,14.060231029222727
B,V,99,8.54945504068002
B,L,100,4.888522088878478
B,H,101,10.748575617222016
B,V,102,12.350179746185974
B,M,103,9.17796662493099
B,N,104,7.908229387147747
B,G,105,8.260265026234585
B,A,106,6.198463570601843
B,V,107,6.653673284793305
B,M,108,6.769188675038184
B,Y,109,8.876292897974489
B,Q,110,8.54617699891803
B,I,111,8.79913116993284
B,D,112,6.682631483168937
B,S,113,8.861815317937904
B,V,114,8.988993806839684
B,V,115,5.984203909298571
B,R,116,7.017420329064865
B,A,117,10.45755600444061
B,C,118,8.004153767639867
B,S,119,8.121126262325786
B,D,120,12.424244175820242
B,F,121,11.512734032511869
B,L,122,7.8648168327961345
B,V,123,7.804496203661236
B,Q,124,12.104967733491447
B,Q,125,17.46194995716576
B,L,126,20.188305516848388
B,D,127,23.989901250942342
B,P,128,22.2875281077744
B,S,129,22.57187362694126
B,N,130,19.29441457463936
B,A,131,18.319428001410255
B,I,132,22.1587106481628
B,G,133,23.9051523032452
B,I,134,19.373635871060976
B,A,135,22.33684860563337
B,N,136,27.341471121829237
B,F,137,24.099901499487878
B,A,138,22.05709533727076
B,E,139,25.01000005122102
B,Q,140,24.409663997908545
B,I,141,23.639527006094184
B,G,142,23.37713130541913
B,C,143,21.54029196104132
B,V,144,21.2158070810471
B,E,145,24.902032783421024
B,L,146,25.821395547829226
B,H,147,31.737213884543504
B,Q,148,33.26484348458597
B,R,149,28.29737341396337
B,A,150,28.64653672049193
B,R,151,27.888765129706652
C,Y,1,22.27946693806427
C,T,2,26.029247443721395
C,L,3,26.34848723755126
C,E,4,23.62133060455926
C,D,5,25.734150254807567
C,H,6,26.627562524310978
C,T,7,24.340408693391534
C,K,8,21.844052895306028
C,Q,9,20.894215641381283
C,A,10,20.91955887933934
C,F,11,18.10317315554327
C,G,12,15.57585587739003
C,I,13,14.650148367993824
C,M,14,17.645601607592457
C,N,15,20.6596533128542
C,E,16,16.24722159107676
C,L,17,15.480810946995643
C,R,18,19.230192224370757
C,L,19,14.337449944716274
C,S,20,10.653362113639128
C,Q,21,11.264777336037751
C,Q,22,11.479925429624684
C,L,23,8.794212865887628
C,C,24,9.591232501808301
C,D,25,11.377578532561548
C,V,26,9.217019878367593
C,T,27,6.990186198458726
C,L,28,5.935395338617147
C,Q,29,5.53946524328274
C,V,30,9.818857197151514
C,K,31,11.049374683443599
C,Y,32,15.041828275569673
C,Q,33,8.992723393278384
C,D,34,11.423350850898219
C,A,35,8.178143184223106
C,P,36,9.730834507687597
C,A,37,7.998182089955448
C,A,38,5.732440419061237
C,Q,39,3.9953301862293142
C,F,40,5.255920902645036
C,M,41,9.672113955544777
C,A,42,10.431308657200836
C,H,43,10.228194213300092
C,K,44,7.478366801431375
C,V,45,8.230625845249552
C,V,46,8.02475224201047
C,L,47,8.52017207185082
C,A,48,8.647087740171095
C,S,49,13.149070964904789
C,S,50,10.467964124635634
C,S,51,11.044548048644629
C,P,52,11.95210861126654
C,V,53,15.03967298504482
C,F,54,13.860265385417966
C,K,55,16.443245350518595
C,A,56,17.034095398298167
C,M,57,10.507015528958977
C,F,58,10.087722416955055
C,T,59,16.77431246983954
C,N,60,15.657737758091612
C,G,61,13.915903667975085
C,L,62,12.918034270470306
C,R,63,12.157701492212366
C,E,64,14.102841136715847
C,Q,65,17.438271565597763
C,G,66,19.144234538334647
C,M,67,15.452938479845248
C,E,68,11.547184548553039
C,V,69,14.81287423289284
C,V,70,13.143749001826052
C,S,71,8.311842547095656
C,I,72,8.120436248371577
C,E,73,13.051544929116588
C,G,74,15.363234671230954
C,I,75,14.852096416848617
C,H,76,12.636785820906539
C,P,77,11.69859519249671
C,K,78,10.32448900436677
C,V,79,5.619176958727442
C,M,80,8.011788373323252
C,E,81,7.892917412881536
C,R,82,5.797479269966063
C,L,83,5.349658987436336
C,I,84,5.28051502903274
C,E,85,6.9242523680176955
C,F,86,9.70288122350983
C,A,87,10.899481271663605
C,Y,88,9.951626191279056
C,T,89,7.717128902545206
C,A,90,3.594215834571456
C,S,91,6.1080135163906455
C,I,92,4.802595788768698
C,S,93,7.472062264917525
C,M,94,8.117506044087262
C,G,95,10.723266188086443
C,E,96,14.012045442382655
C,K,97,17.26066420289743
C,C,98,21.766421688427958
C,V,99,23.22227923742377
C,L,100,17.219359694196907
C,H,101,15.933287185757015
C,V,102,14.108322207637254
C,M,103,15.68158012358261
C,N,104,19.72146250797028
C,G,105,20.245699962341043
C,A,106,20.179240144144995
C,V,107,22.807527041285162
C,M,108,19.890034936752105
C,Y,109,15.620031090727732
C,Q,110,15.397000710821281
C,I,111,10.425175312875089
C,D,112,10.237476678408704
C,S,113,8.87919552680346
C,V,114,11.23320538668672
C,V,115,12.653146848877032
C,R,116,15.552131058944356
C,A,117,12.558769691898997
C,C,118,12.079747445295407
C,S,119,10.329022134119283
C,D,120,4.229276635876395
C,F,121,7.175333271540628
C,L,122,14.83831565966715
C,V,123,16.60413258303257
C,Q,124,12.480611141645461
C,Q,125,11.040161900253247
C,L,126,18.41090412746466
C,D,127,20.07638293480348
C,P,128,20.104796788018394
C,S,129,20.191844042121126
C,N,130,20.111909153215485
C,A,131,23.51092929169776
C,I,132,26.32016307541608
C,G,133,22.891235515569104
C,I,134,17.2363724214677
C,A,135,17.916549751596385
C,N,136,21.97911610927346
C,F,137,20.709092678327686
C,A,138,18.971125879464182
C,E,139,19.887512931989182
C,Q,140,25.38137000154347
C,I,141,24.98553661571894
C,G,142,24.426489428915126
C,C,143,22.817306455411888
C,V,144,25.3624740617446
C,E,145,20.63573694497697
C,L,146,25.113600260412728
C,H,147,29.599029465271997
C,Q,148,26.21112465903976
C,R,149,24.147804295431225
C,A,150,26.464092830403647
C,R,151,29.83128440276466
